{
  "baseName" : "Vision Camera 2 1690",
  "uniqueName" : "Vision_Camera_2_1690",
  "nickname" : "Vision_Camera_2_1690",
  "FOV" : 70.0,
  "path" : "/dev/video0",
  "cameraType" : "UsbCamera",
  "currentPipelineIndex" : 0,
  "calibrations" : [ {
    "resolution" : {
      "width" : 1280.0,
      "height" : 800.0
    },
    "cameraIntrinsics" : {
      "rows" : 3,
      "cols" : 3,
      "type" : 6,
      "data" : [ 830.3075653100974, 0.0, 884.8142294191604, 0.0, 770.511406234307, 362.7308580337733, 0.0, 0.0, 1.0 ]
    },
    "cameraExtrinsics" : {
      "rows" : 1,
      "cols" : 5,
      "type" : 6,
      "data" : [ -0.03840193302281395, 0.03156865350493979, -0.0035080951720682083, 0.07777935408050353, -5.289686872098068E-4 ]
    },
    "perViewErrors" : [ 0.5768690519018498, 0.6169182803706103, 0.5857922204950519, 0.5662567672622674, 0.5692293710227502, 0.5734056666393252, 1.705839755573125, 1.7129247986011167, 1.7882211118710283, 1.8084891725836152, 1.7223312460998155, 0.73762920318679, 0.7347464402428573, 0.7633728943407236, 0.747947065950427, 0.7406330215213709, 0.7296315174287147, 0.7668137717017203, 0.7743566527446812, 2.8480281665947857, 2.876203183697622, 2.8854883030478162, 2.882627733117986, 2.907270260429393, 2.933637760978715, 3.1439164355952167, 3.443319824248019 ],
    "standardDeviation" : 1.015552772204386
  } ],
  "streamIndex" : 0
}